2019-10-14 22:50:09,502 WARN  [main] util.NativeCodeLoader (NativeCodeLoader.java:<clinit>(60)) - Unable to load native-hadoop library for your platform... using builtin-java classes where applicable
"01A","Afognak Lake Airport","Afognak Lake","AK",,,
"03A","Bear Creek Mining Strip","Granite Mountain","AK",,,
"04A","Lik Mining Camp","Lik","AK",,,
"05A","Little Squaw Airport","Little Squaw","AK",,,
"06A","Kizhuyak Bay","Kizhuyak","AK",,,
"07A","Klawock Seaplane Base","Klawock","AK",,,
"08A","Elizabeth Island Airport","Elizabeth Island","AK",,,
"09A","Augustin Island","Homer","AK",,,
"1B1","Columbia County","Hudson","NY",,,
"1CA","Rio Vista Municipal","Rio Vista","CA",,,
"1G4","Grand Canyon West","Peach Springs","AZ",,,
"1GA","Henry County","Hampton","GA",,,
"1N7","Blairstown Airport","Blairstown","NJ",,,
"1NC","Halifax Northampton Regional","Roanoke Rapids","NC",,,
"1NY","Penn Yan Airport","Penn Yan","NY",,,
"1TN","Beech River Regional","Lexington Parsons","TN",,,
"1TX","Moore County","Dumas","TX",,,
"2CA","Delano Municipal","Delano","CA",,,
"2GA","Camilla Mitchell County","Camilla","GA",,,
"2NY","Sands Point Seaplane Base","Port Washington","NY",,,
"3NY","Sebonac","Suffolk","NY",,,
"6B0","Middlebury State","Middlebury","VT",,,
"7AK","Akun Airport","Akun","AK",,,
"8F3","Crosbyton Municipal","Crosbyton","TX",,,
"A01","Blair Lake","Fairbanks/Ft. Wainwright","AK",,,
"A02","Deadmans Bay Airport","Deadmans Bay","AK",,,
"A03","Hallo Bay Airport","Hallo Bay","AK",,,
"A04","Red Lake Airport","Red Lake","AK",,,
"A05","Shell Lake Airport","Shell Lake","AK",,,
"A06","Navigator Airstrip","Kougarok","AK",,,
"A07","Roland Norton Memorial","Selawik","AK",,,
"A08","Pillar Bay Airport","Pillar Bay","AK",,,
"A09","Johnstone Point Airport","Johnstone Point","AK",,,
"A11","Bell Creek Airport","Bell Creek","AK",,,
"A12","Cinnabar Airport","Cinnabar","AK",,,
"A13","Mountaintop Mine Airport","Mountaintop Mine","AK",,,
"A14","Whitebear Airport","Whitebear","AK",,,
"A15","Puviaq Airport","Puviaq","AK",,,
"A16","Arley Lake Airport","Arley Lake","AK",,,
"A17","Port Vita Airport","Port Vita","AK",,,
"A18","Kantishna Airport","Kantishna","AK",,,
"A1K","Point Thomson Airstrip","Deadhorse1","AK",,,
"A1L","Cullman Regional Folsom Field","Cullman","AL",,,
"A20","Alpine Airstrip","Alpine","AK",,,
"A21","Serpentine Airport","Serpentine","AK",,,
"A22","Driftwood Bay Airport","Driftwood Bay","AK",,,
"A23","Bradley Lake Airport","Bradley Lake","AK",,,
"A24","Chilkat Lake Airport","Chilkat Lake","AK",,,
"A25","Nugget Creek Airport","Nugget Creek","AK",,,
"A26","Ivotuk Airstrip","Ivotuk","AK",,,
"A27","Pogo Mines Airport","Pogo Mines","AK",,,
"A28","Ayakulik River Airport","Ayakulik River","AK",,,
"A29","Kiluda Bay Airport","Kiluda Bay","AK",,,
"A2K","Bartletts Airport","Bartletts","AK",,,
"A2L","Isbell Field","Fort Payne","AL",,,
"A30","Terror Lake Airport","Terror Lake","AK",,,
"A31","Selief Bay Airport","Selief Bay","AK",,,
"A34","Laura Lake Airport","Laura Lake","AK",,,
"A35","Bullen Point AFS","Kaktovik","AK",,,
"A36","Deep Bay Airport","Deep Bay","AK",,,
"A37","Kako Airport","Kako","AK",,,
"A38","Molly Creek Airport","Molly Creek","AK",,,
"A39","Ptarmigan Lake Airport","Ptarmigan Lake","AK",,,
"A3K","Smith Bay Airport","Smith Bay","AK",,,
"A40","Cape Simpson Airport","Cape Simpson","AK",,,
"A41","Kogru River Airport","Kogru River","AK",,,
"A42","Teshepkuk Lake Airport","Teshepkuk Lake","AK",,,
"A43","Trident Basin Seaplane Base","Kodiak Island","AK",,,
"A45","Lake Florence Airport","Lake Florence","AK",,,
"A46","Lake Hasselborg Airport","Lake Hasselborg","AK",,,
"A47","Distin Lake Airport","Distin Lake","AK",,,
"A48","Port Hobron Airport","Port Hobron","AK",,,
"A49","Mooseville Airstrip Airport","Mooseville Airstrip","AK",,,
"A4K","Dune Lake Airport","Dune Lake","AK",,,
"A50","Big Bay Airport","Big Bay","AK",,,
"A51","Wien Lake Airport","Wien Lake","AK",,,
"A52","Silver Salmon Creek Airport","Silver Salmon Creek","AK",,,
"A53","Blear Lake Airport","Blear Lake","AK",,,
"A54","Cannery Bay Airport","Cannery Bay","AK",,,
"A56","Johnsons Landing","Bear Lake","AK",,,
"A57","International Seafoods Airport","International Seafoods","AK",,,
"A58","Cosna River Airport","Cosna River","AK",,,
"A59","Ivatuk Airport","Ivatuk","AK",,,
"A5K","Paxson Airport","Paxson","AK",,,
"A61","Cape Sarichef Airport","Cape Sarichef","AK",,,
"A62","Taylor Mountain","Taylor Mountain Mine","AK",,,
"A63","Coal Creek","Yukon Charley Rivvers","AK",,,
"A65","Karluk Portage Airport","Karluk Portage","AK",,,
"A66","Hope Airport","Hope","AK",,,
"A67","Viekoda Bay Airport","Viekoda Bay","AK",,,
"A69","Cathedral Strip","Cold Bay","AK",,,
"A6K","Van Curlers Sandbar","Fairbanks1","AK",,,
"A70","Village Islands Airport","Village Islands","AK",,,
"A71","Bear Cove Farm","Homer","AK",,,
"A72","Chinitna Bay Airport","Chinitna Bay","AK",,,
"A73","McKinley National Park","McKinley Park","AK",,,
"A74","Dog Fish Bay","Nanwalek","AK",,,
"A75","Malina Bay Airport","Malina Bay","AK",,,
"A76","Red Fox Bay Airport","Red Fox Bay","AK",,,
"A77","Shearwater Airport","Shearwater","AK",,,
"A78","Lake","Cape Simpson","AK",,,
"A79","Cape Simpson No. 1","Cape Simpson","AK",,,
"A7K","Nakochna Airport","Nakochna","AK",,,
"A80","Cape Simpson No. 7","Cape Simpson","AK",,,
"A81","Cape Simpson #1","Aglaq","AK",,,
"A82","Nikiski Private Airstrip","Nikiski","AK",,,
"A83","Petrof Point Airport","Petrof Point","AK",,,
"A84","Denali West Lodge Private","Denali","AK",,,
"A85","Big River Airport","Big River","AK",,,
"A87","Carry Inlet Airport","Carry Inlet","AK",,,
"A89","Montague Island Airport","Montague Island","AK",,,
"A90","Shannon Pond Airport","Shannon Pond","AK",,,
"A91","Omalik Lagoon Airport","Omalik Lagoon","AK",,,
"A92","Omolik Lagoon Airport","Omolik Lagoon","AK",,,
"A93","Bradley Lake Project Airport","Bradley Lake Project","AK",,,
"A94","Ice Strip","Barrow","AK",,,
"A95","Ice Strip","Barrow","AK",,,
"A96","Ice Strip","Barrow","AK",,,
"A97","Akulik Air Strip","Akulik","AK",,,
"A98","Deadfall Air Strip","Deadfall","AK",,,
"A99","Eagle Creek Airport","Eagle Creek","AK",,,
"AA1","Ice Kong","Bethel","AK",,,
"AA2","Icicle Seafoods","Naknek-1","AK",,,
"AA4","Glacier Split","Kachemak Bay","AK",,,
"AA5","Selby Lake Airport","Selby Lake","AK",,,
"AA7","Independence Creek Airport","Independence Creek","AK",,,
"AA8","Badami","Deadhorse","AK",,,
"AA9","Napaimute Pioneer Airfield","Napaimute","AK",,,
"AAA","Anaa Airport","Anaa","French Polynesia",,,
"AAB","Arrabury Station","Arrabury","Australia",,,
"AAC","El Arish International","El Arish","Egypt",,,
"AAD","Ad-Dabbah Airport","Ad-Dabbah","Sudan",,,
"AAE","Rabah Bitat","Annaba","Algeria",,,
"AAF","Apalachicola Regional Cleve Randolph Field","Apalachicola","FL",,,
"AAH","Aachen Merzbrueck","Aachen","Germany",,,
"AAI","Arraias Airport","Arraias","Brazil",,,
"AAL","Aalborg Airport","Aalborg","Denmark",,,
"AAM","Malamala","Mala Mala","South Africa",,,
"AAN","Al Ain International","Al Ain","United Arab Emirates",,,
"AAO","Anaco Airport","Anaco","Venezuela",,,
"AAQ","Vityazevo","Anapa","Russia",,,
"AAR","Aarhus Airport","Aarhus","Denmark",,,
"AAU","Asau W Sam","Asau","Samoa",,,
"AAX","Romeu Zema","Araxa","Brazil",,,
"ABA","Abakan Airport","Abakan","Russia",,,
"ABD","Abadan Airport","Abadan","Iran",,,
"ABE","Lehigh Valley International","Allentown/Bethlehem/Easton","PA",,,
"ABI","Abilene Regional","Abilene","TX",,,
"ABJ","Felix Houphouet Boigny Abidjan International","Abidjan","Cote",,,
"ABK","Kebri Dahar","Kabri Dar","Ethiopia",,,
"ABL","Ambler River","Ambler","AK",,,
"ABQ","Albuquerque International Sunport","Albuquerque","NM",,,
"ABR","Aberdeen Regional","Aberdeen","SD",,,
"ABS","Abu Simbel Airport","Abu Simbel","Egypt",,,
"ABT","King Saud Bin Abdulaziz","Al-Baha","Saudi Arabia",,,
"ABV","Nnamdi Azikiwe International","Abuja","Nigeria",,,
"ABX","Albury Airport","Albury","Australia",,,
"ABY","Southwest Georgia Regional","Albany","GA",,,
"ABZ","Aberdeen Dyce","Aberdeen","United Kingdom",,,
"ACA","General Juan N Alvarez International","Acapulco","Mexico",,,
"ACB","Antrim County","Bellaire","MI",,,
"ACC","Accra Kotoka International","Accra","Ghana",,,
"ACE","Lanzarote","Arrecife","Spain",,,
"ACH","St Gallen Altenrhein","Altenrhein","Switzerland",,,
"ACI","Alderney Airport","Alderney","United Kingdom",,,
"ACK","Nantucket Memorial","Nantucket","MA",,,
"ACT","Waco Regional","Waco","TX",,,
"ACU","Achutupo Airport","Achutupo","Panama",,,
"ACV","California Redwood Coast Humboldt County","Arcata/Eureka","CA",,,
"ACY","Atlantic City International","Atlantic City","NJ",,,
"ADA","Adana International","Adana","Turkey",,,
"ADB","Adnan Menderes","Izmir","Turkey",,,
"ADC","Andakombe Airport","Andakombe","Papua New Guinea",,,
"ADD","Bole International","Addis Ababa","Ethiopia",,,
"ADE","Aden International","Aden","Yemen",,,
"ADJ","Marka International","Amman","Jordan",,,
"ADK","Adak","Adak Island","AK",,,
"ADL","Adelaide International","Adelaide","Australia",,,
"ADM","Ardmore Municipal","Ardmore","OK",,,
"ADN","Andes Airport","Andes","Colombia",,,
"ADO","Andamooka Airport","Andamooka","Australia",,,
"ADQ","Kodiak Airport","Kodiak","AK",,,
"ADS","Addison","Dallas","TX",,,
"ADT","Ada Regional","Ada","OK",,,
"ADW","Joint Base Andrews","Camp Springs","MD",,,
"ADX","RAF Leuchars","St Andrews","United Kingdom",,,
"ADZ","Gustavo Rojas Pinilla","San Andres Island","Colombia",,,
"AE1","Liwa Airbase","Liwa","United Arab Emirates",,,
"AE2","Sweihan Airbase","Sweihan","United Arab Emirates",,,
"AED","Aleneva Airport","Aleneva","AK",,,
"AEG","Aek Godang","Padang Sidempuan","Indonesia",,,
"AEH","Abeche Airport","Abeche","Chad",,,
"AEO","Aioun El Atrouss Airport","Aioun El Atrouss","Mauritania",,,
"AEP","Aeroparque Jorge Newbery","Buenos Aires","Argentina",,,
"AER","Adler/Sochi Airport","Adler/Sochi","Russia",,,
"AES","Vigra","Aalesund","Norway",,,
"AET","Allakaket Airport","Allakaket","AK",,,
"AEX","Alexandria International","Alexandria","LA",,,
"AEY","Akureyri Airport","Akureyri","Iceland",,,
"AF1","Bagram Air Base","Bagram","Afghanistan",,,
"AF2","Bastion Airfield","Lashkar Gah","Afghanistan",,,
"AF3","Dwyer Airport","Dwyer","Afghanistan",,,
"AF4","Shindand Airport","Shindand","Afghanistan",,,
"AFA","San Rafael Airport","San Rafael","Argentina",,,
"AFF","USAF Academy Airfield","Colorado Springs","CO",,,
"AFK","Nebraska City Municipal","Nebraska","NE",,,
"AFO","Afton Municipal","Afton","WY",,,
"AFP","Anson County Jeff Cloud Field","Wadesboro","NC",,,
"AFU","Al Udeid Air Base","Doha","Qatar",,,
"AFW","Fort Worth Alliance","Dallas/Fort Worth","TX",,,
"AFY","Afyon Airport","Afyon","Turkey",,,
"AGA","Inezgane","Agadir","Morocco",,,
"AGB","Augsburg Airport","Augsburg","Germany",,,
"AGC","Allegheny County","Pittsburgh","PA",,,
"AGF","Agen La Garenne","Agen","France",,,
"AGG","Angoram Airport","Angoram","Papua New Guinea",,,
"AGH","Angelholm","Angelholm/Helsingborg","Sweden",,,
"AGK","Kagua Airport","Kagua","Papua New Guinea",,,
"AGL","Wanigela Airport","Wanigela","Papua New Guinea",,,
"AGN","Angoon Seaplane Base","Angoon","AK",,,
"AGP","Malaga Airport","Malaga","Spain",,,
"AGQ","Agrinion Airport","Agrinion","Greece",,,
"AGR","Agra Airport","Agra","India",,,
"AGS","Augusta Regional at Bush Field","Augusta","GA",,,
"AGT","Guarani International","Ciudad del Este","Paraguay",,,
"AGU","Jesus Teran International","Aguascalientes","Mexico",,,
"AGV","Oswaldo Guevara Mujica","Acarigua","Venezuela",,,
"AGX","Agatti Island Airport","Agatti Island","India",,,
"AHA","Naha AB","Okinawa","Japan",,,
"AHB","Abha Airport","Abha","Saudi Arabia",,,
"AHD","Ardmore Downtown Executive","Ardmore","OK",,,
"AHN","Athens/Ben Epps","Athens","GA",,,
"AHO","Alghero","Alghero/Sassari","Italy",,,
"AHS","Auas","Ahuas","Honduras",,,
"AHT","Amchitka","Amchitka Island","AK",,,
"AHU","Cherif El Idrissi International","Al Hoceima","Morocco",,,
"AIA","Alliance Municipal","Alliance","NE",,,
"AIB","Anita Bay Airport","Anita Bay","AK",,,
"AID","Anderson Municipal-Darlington Field","Anderson","IN",,,
"AIK","Aiken Regional","Aiken","SC",,,
"AIN","Wainwright Airport","Wainwright","AK",,,
"AIO","Atlantic Municipal","Atlantic","IA",,,
"AIT","Aitutaki Airport","Aitutaki","Cook Islands",,,
"AIY","Bader Field","Atlantic City","NJ",,,
"AIZ","Lee C Fine Memorial","Lake of the Ozarks","MO",,,
"AJA","Ajaccio Napoleon Bonaparte","Ajaccio","France",,,
"AJF","Al Jouf","Jouf","Saudi Arabia",,,
"AJJ","Akjoujt Airport","Akjoujt","Mauritania",,,
"AJL","Lengpui","Aizwal","India",,,
"AJN","Ouani","Anjouan","Comoros",,,
"AJR","Arvidsjaur Airport","Arvidsjaur","Sweden",,,
"AJU","Santa Maria International","Aracaju","Brazil",,,
"AJY","Mano Dayak","Agades","Niger",,,
"AK1","Kelly Creek Airstrip","Seward Peninsula","AK",,,
"AK2","Bear Fish Camp Airport","Bear Fish Camp","AK",,,
"AK3","Gold King Creek","Fairbanks","AK",,,
"AK4","Squaw Lake Airport","Squaw Lake","AK",,,
"AK5","Qugruc Airport","Qugruc","AK",,,
"AK6","Gold King 2 Airport","Gold King 2","AK",,,
"AK7","Hunter Creek","Rampart","AK",,,
"AK8","Zips Airport","Zips","AK",,,
"AK9","Tolstoi Bay Airport","Tolstoi Bay","AK",,,
"AKB","Atka Airport","Atka","AK",,,
"AKC","Akron Fulton International","Akron","OH",,,
"AKF","Kufra","Kufrah","Libya",,,
"AKH","Prince Sultan AB","Al Kharj","Saudi Arabia",,,
"AKI","Akiak Airport","Akiak","AK",,,
"AKJ","Asahikawa Airport","Asahikawa","Japan",,,
"AKK","Akhiok Airport","Akhiok","AK",,,
"AKL","Auckland International","Auckland","New Zealand",,,
"AKN","King Salmon Airport","King Salmon","AK",,,
"AKO","Colorado Plains Regional","Akron","CO",,,
"AKP","Anaktuvuk Pass Airport","Anaktuvuk Pass","AK",,,
"AKR","Akure Airport","Akure","Nigeria",,,
"AKS","Auki Airport","Auki","Solomon Islands",,,
"AKT","Akrotiri Airport","Akrotiri","Cyprus",,,
"AKX","Aktyubinsk Airport","Aktyubinsk","Kazakhstan",,,
"AKY","Sittwe Airport","Sittwe","Burma",,,
"AL1","Albertville Regional-Thomas J Brumlik Field","Albertville","AL",,,
"AL2","Shelby County","Alabaster","AL",,,
"AL3","Huntsville Executive Tom Sharp Jr","Huntsville","AL",,,
"AL4","South Alabama Regional at Bill Benton Field","Andalusia/Opp","AL",,,
"AL5","Demopolis Regional","Demopolis","AL",,,
"AL6","H. L. Sonny Callahan","Fairhope","AL",,,
"AL7","Walker County Bevill Field","Jasper","AL",,,
"AL8","Scottsboro Municipal Word Field","Scottsboro","AL",,,
"AL9","Merkel Field Sylacauga Municipal","Sylacauga","AL",,,
"ALA","Almaty Airport","Almaty","Kazakhstan",,,
"ALB","Albany International","Albany","NY",,,
"ALC","Alicante Elche","Alicante","Spain",,,
"ALE","Alpine Casparis Municipal","Alpine","TX",,,
"ALF","Alta Airport","Alta","Norway",,,
"ALG","Houari Boumediene","Algiers","Algeria",,,
"ALH","Albany Airport","Albany","Australia",,,
"ALI","Alice International","Alice","TX",,,
"ALJ","Alexander Bay Airport","Alexander Bay","South Africa",,,
"ALK","Asela Airport","Asela","Ethiopia",,,
"ALM","Alamogordo White Sands Regional","Alamogordo","NM",,,
"ALN","St. Louis Regional","Alton","IL",,,
"ALO","Waterloo Regional","Waterloo","IA",,,
"ALP","Aleppo International","Aleppo","Syria",,,
"ALQ","Alegrete Airport","Alegrete","Brazil",,,
"ALR","Alexandra Airport","Alexandra","New Zealand",,,
"ALS","San Luis Valley Regional/Bergman Field","Alamosa","CO",,,
"ALT","Alenquer Airport","Alenquer","Brazil",,,
"ALU","Alula Airport","Alula","Somalia",,,
"ALW","Walla Walla Regional","Walla Walla","WA",,,
"ALX","Thomas C. Russell Field","Alexander City","AL",,,
"ALY","Alexandria International","Alexandria","Egypt",,,
"ALZ","Alitak Seaplane Base","Lazy Bay","AK",,,
"AMA","Rick Husband Amarillo International","Amarillo","TX",,,
"AMD","Ahmedabad International","Ahmedabad","India",,,
"AMF","Ama Airport","Ama","Papua New Guinea",,,
"AMG","Amboin Airport","Amboin","Papua New Guinea",,,
"AMH","Arba Minch Airport","Arba Minch","Ethiopia",,,
"AMI","Selaparang","Mataram","Indonesia",,,
"AMK","Animas Air Park","Durango","CO",,,
"AML","Puerto Armuelles Airport","Puerto Armuelles","Panama",,,
"AMM","Queen Alia International","Amman","Jordan",,,
"AMN","Gratiot Community","Alma","MI",,,
"AMO","Mao Airport","Mao","Chad",,,
"AMP","Ampanihy Airport","Ampanihy","Madagascar",,,
"AMQ","Pattimura","Ambon","Indonesia",,,
"AMS","Schiphol","Amsterdam","Netherlands",,,
"AMW","Ames Municipal","Ames","IA",,,
"AMX","Ammaroo Station","Ammaroo","Australia",,,
"AMY","Ambatomainty Airport","Ambatomainty","Madagascar",,,
"ANA","Anaheim-Disneyland HP","Anaheim","CA",,,
"ANB","Anniston Regional","Anniston","AL",,,
"ANC","Ted Stevens Anchorage International","Anchorage","AK",,,
"AND","Anderson Regional","Anderson","SC",,,
"ANE","Angers Marce","Angers","France",,,
"ANF","Andres Sabella International","Antofagasta","Chile",,,
"ANG","Angouleme Brie Champniers","Angouleme","France",,,
"ANI","Aniak Airport","Aniak","AK",,,
"ANK","Etimesgut","Ankara","Turkey",,,
"ANM","Antsirabato","Antalaha","Madagascar",,,
"ANN","Annette Island","Annette","AK",,,
"ANO","Angoche Airport","Angoche","Mozambique",,,
"ANP","Lee","Annapolis","MD",,,
"ANR","Deurne","Antwerp","Belgium",,,
"ANS","Andahuaylas Airport","Andahuaylas","Peru",,,
"ANU","V C Bird International","St. Johns","Antigua and Barbuda",,,
"ANV","Anvik Airport","Anvik","AK",,,
"ANX","Andoya","Andeness","Norway",,,
"AOH","Lima Allen County","Lima","OH",,,
"AOI","Ancona Falconara","Ancona","Italy",,,
"AOJ","Aomori Airport","Aomori","Japan",,,
"AOK","Karpathos Airport","Karpathos","Greece",,,
"AOL","Paso de Los Libres Airport","Paso de Los Libres","Argentina",,,
"AOO","Altoona-Blair County","Altoona","PA",,,
"AOR","Sultan Abdul Halim","Alor Setar","Malaysia",,,
"AOS","Amook Bay Airport","Amook Bay","AK",,,
"APA","Centennial","Denver","CO",,,
"APB","Apolo Airport","Apolo","Bolivia",,,
"APC","Napa County","Napa","CA",,,
"APE","San Juan Aposento Airport","San Juan Aposento","Peru",,,
"APF","Naples Municipal","Naples","FL",,,
"APG","Phillips AAF","Aberdeen","MD",,,
"APH","A P Hill AAF","Fort A P Hill","VA",,,
"API","Gomez Nino Apiay AB","Villavicencio","Colombia",,,
"APK","Apataki Airport","Apataki","French Polynesia",,,
"APL","Nampula Airport","Nampula","Mozambique",,,
"APN","Alpena County Regional","Alpena","MI",,,
"APO","Apartado Airport","Apartado","Colombia",,,
"APR","April River Airport","April River","Papua New Guinea",,,
"APT","Marion County Brown Field","Jasper","TN",,,
"APV","Apple Valley Airport","Apple Valley","CA",,,
"APW","Faleolo International","Apia","Samoa",,,
"AQ1","McMurdo Station Phoenix Field","McMurdo Station","Antarctica",,,
"AQ2","Mario Zucchelli","Terra Nova Bay","Antarctica",,,
"AQI","Hafr Al Batin","Qaisumah","Saudi Arabia",,,
"AQJ","King Hussein International","Aqaba","Jordan",,,
"AQP","Rodriguez Ballon International","Arequipa","Peru",,,
"AQS","Saqani Airport","Saqani","Fiji",,,
"AQY","Girdwood Airport","Girdwood","AK",,,
"AR1","Russellville Regional","Russellville","AR",,,
"AR2","Dennis F Cantrell Field","Conway","AR",,,
"AR3","Bentonville Municipal Louise M Thaden Field","Bentonville","AR",,,
"ARA","Acadiana Regional","New Iberia","LA",,,
"ARB","Ann Arbor Municipal","Ann Arbor","MI",,,
"ARC","Arctic Village Airport","Arctic Village","AK",,,
"ARD","Arcadia Municipal","Alor","Indonesia",,,
"ARE","Antonio/Nery/Juarbe Pol","Arecibo","PR",,,
"ARG","Walnut Ridge Regional","Walnut Ridge","AR",,,
"ARH","Talagi","Arkhangelsk","Russia",,,
"ARI","Chacalluta","Arica","Chile",,,
"ARK","Arusha Airport","Arusha","Tanzania",,,
"ARM","Armidale Airport","Armidale","Australia",,,
"ARN","Arlanda","Stockholm","Sweden",,,
"ARP","Aragip Airport","Aragip","Papua New Guinea",,,
"ARQ","Arauquita Airport","Arauquita","Colombia",,,
"ARS","Aragarcas Airport","Aragarcas","Brazil",,,
"ART","Watertown International","Watertown","NY",,,
"ARU","Aracatuba Airport","Aracatuba","Brazil",,,
"ARV","Lakeland/Noble F. Lee Memorial Field","Minocqua/Woodruff","WI",,,
"ARW","Arad International","Arad","Romania",,,
"ARX","Asbury Park/Monmouth County","Asbury Park","NJ",,,
"ARY","Ararat Airport","Ararat","Australia",,,
"ARZ","","","Angola",,,
"ASA","Assab International","Assab","Eritrea",,,
"ASB","Ashgabat Airport","Ashgabat","Turkmenistan",,,
"ASC","Ascension Airport","Ascension","Bolivia",,,
"ASD","Fresh Creek","Andros Town","The Bahamas",,,
"ASE","Aspen Pitkin County Sardy Field","Aspen","CO",,,
"ASF","Narimanova","Astrakhan","Russia",,,
"ASG","Ashburton Airport","Ashburton","New Zealand",,,
"ASH","Boire Field","Nashua","NH",,,
"ASI","","Ascension Island, Saint Helena, Ascension, and Tristan da Cunha","Ascension Aux Af",,,
"ASJ","Amami","Amami O Shima","Japan",,,
"ASK","Yamoussoukro Airport","Yamoussoukro","Cote",,,
"ASL","Harrison County","Marshall","TX",,,
"ASM","Asmara International","Asmara","Eritrea",,,
"ASN","Talladega Municipal","Talladega","AL",,,
"ASO","Asosa Hidase","Asosa","Ethiopia",,,
"ASP","Alice Springs Airport","Alice Springs","Australia",,,
"ASQ","Austin Airport","Austin","NV",,,
"ASR","Kayseri Airport","Kayseri","Turkey",,,
"AST","Astoria Regional","Astoria/Seaside","OR",,,
"ASU","Silvio Pettirossi International","Asuncion","Paraguay",,,
"ASW","Aswan International","Aswan","Egypt",,,
"ASX","John F Kennedy Memorial","Ashland","WI",,,
"ASY","Ashley Municipal","Ashley","ND",,,
"ATA","Anta Huaraz","Anta","Peru",,,
"ATB","Atbara Airport","Atbara","Sudan",,,
"ATC","","","The Bahamas",,,
"ATE","Antlers Municipal","Antlers","OK",,,
"ATH","Eleftherios Venizelos International","Athens","Greece",,,
"ATI","Artigas International","Artigas","Uruguay",,,
"ATK","Atqasuk Edward Burnell Sr. Memorial","Atqasuk","AK",,,
"ATL","Hartsfield-Jackson Atlanta International","Atlanta","GA",,,
"ATM","Altamira Airport","Altamira","Brazil",,,
"ATN","Namatanai Airport","Namatanai","Papua New Guinea",,,
"ATO","Ohio University","Athens","OH",,,
"ATP","Aitape Airport","Aitape","Papua New Guinea",,,
"ATQ","Amritsar International","Amritsar","India",,,
"ATR","Atar Airport","Atar","Mauritania",,,
"ATS","Artesia Municipal","Artesia","NM",,,
"ATT","Atmautluak Airport","Atmautluak","AK",,,
"ATU","Casco Cove CGS","Attu","AK",,,
"ATV","Ati Airport","Ati","Chad",,,
"ATW","Appleton International","Appleton","WI",,,
"ATY","Watertown Regional","Watertown","SD",,,
"ATZ","Assiut Airport","Assiut","Egypt",,,
"AU1","Scherger","Weipa","Australia",,,
"AUA","Reina Beatrix International","Aruba","Aruba",,,
"AUC","Santiago Perez","Arauca","Colombia",,,
"AUD","Augustus Downs Airport","Augustus Downs","Australia",,,
"AUG","Augusta State","Augusta/Waterville","ME",,,
"AUH","Abu Dhabi International","Abu Dhabi","United Arab Emirates",,,
"AUI","Aua Island Airport","Aua Island","Papua New Guinea",,,
"AUK","Alakanuk Airport","Alakanuk","AK",,,
"AUM","Austin Municipal","Austin/Albert Lea","MN",,,
"AUN","Auburn Municipal","Auburn","CA",,,
"AUO","Auburn University Regional","Auburn","AL",,,
"AUP","Aguan Papua N.G.","Aguan","Papua New Guinea",,,
"AUQ","Hiva Oa/Atuona","Atuona","French Polynesia",,,
"AUR","Aurillac Airport","Aurillac","France",,,
"AUS","Austin - Bergstrom International","Austin","TX",,,
"AUW","Wausau Downtown","Wausau","WI",,,
"AUX","Araguaina Airport","Araguaina","Brazil",,,
"AUY","Aneityum Airport","Aneityum","Vanuatu",,,
"AUZ","Aurora Municipal","Aurora","IL",,,
"AVB","Aviano AB","Aviano","Italy",,,
"AVI","Maximo Gomez","Ciego de Avila","Cuba",,,
"AVL","Asheville Regional","Asheville","NC",,,
"AVN","Avignon Caumont","Avignon","France",,,
"AVO","Avon Park Executive","Avon Park","FL",,,
"AVP","Wilkes Barre Scranton International","Scranton/Wilkes-Barre","PA",,,
"AVV","Avalon Airport","Avalon","Australia",,,
"AVW","Marana Regional","Tucson","AZ",,,
"AVX","Catalina","Avalon","CA",,,
"AWA","Lake Awasa","Awasa","Ethiopia",,,
"AWK","Wake Island Airfield","Wake Island","TT",,,
"AWM","West Memphis Municipal","West Memphis","AR",,,
"AWR","Awar Airport","Awar","Papua New Guinea",,,
"AWX","Andrews County","Andrews","TX",,,
"AWZ","Ahwaz Airport","Ahwaz","Iran",,,
"AXA","Clayton J Lloyd","The Valley","Anguilla",,,
"AXB","Maxson Airfield","Alexandria Bay","NY",,,
"AXC","Aramac Airport","Aramac","Australia",,,
"AXD","Dimokritos","Alexandroupolis","Greece",,,
"AXM","El Eden","Armenia","Colombia",,,
"AXN","Chandler Field","Alexandria","MN",,,
"AXP","Spring Point Airport","Spring Point","The Bahamas",,,
"AXS","Altus/Quartz Mountain Regional","Altus","OK",,,
"AXT","Akita Airport","Akita","Japan",,,
"AXU","Axum Atse Yohannes IV","Axum","Ethiopia",,,
"AXV","Neil Armstrong","Wapakoneta","OH",,,
"AXX","Angel Fire","Eagle Nest","NM",,,
"AYL","Anthony Lagoon Airport","Anthony Lagoon","Australia",,,
"AYP","Coronel FAP Alfredo Mendivil Duarte","Ayacucho","Peru",,,
"AYQ","Ayers Rock Connellan","Ayers Rock","Australia",,,
"AYR","Ayr Airport","Ayr","Australia",,,
"AYS","Waycross-Ware County","Waycross","GA",,,
"AYT","Antalya Airport","Antalya","Turkey",,,
"AYW","Ayawasi Airport","Ayawasi","Indonesia",,,
"AZ1","Valle","Grand Canyon","AZ",,,
"AZ2","H. A. Clark Memorial Field","Williams","AZ",,,
"AZ3","Glendale Municipal","Glendale","AZ",,,
"AZ4","Sheepy Hollow Ranch","Salome","AZ",,,
"AZ5","Springerville Municipal","Springerville","AZ",,,
"AZ6","Gila Bend Municipal","Gila Bend","AZ",,,
"AZ7","Colorado City Municipal","Colorado City","AZ",,,
"AZA","Phoenix - Mesa Gateway","Phoenix","AZ",,,
"AZD","Shahid Sadooghi","Yazd","Iran",,,
"AZG","Pablo L. Sidar","Apatzingan","Mexico",,,
"AZI","Al Bateen Executive","Abu Dhabi","United Arab Emirates",,,
"AZO","Kalamazoo/Battle Creek International","Kalamazoo","MI",,,
"AZS","El Catey International","Samana","Dominican Republic",,,
"B19","Biddeford Municipal","Biddeford","ME",,,
"B1C","Blackfish Lodge","Baker Island","Canada",,,
"B21","Sugarloaf Regional","Carrabassett","ME",,,
"B2C","Blind Channel Water Aerodrome","Blind Channel","Canada",,,
"B3C","Minstrel Island Water Aerodrome","Minstrel Island","Canada",,,
"B4C","Simoom Sound Water Aerodrome","Simoom Sound","Canada",,,
"BAA","Bialla Airport","Bialla","Papua New Guinea",,,
"BAB","Beale AFB","Marysville","CA",,,
"BAC","Barranca de Upia Airport","Barranca de Upia","Colombia",,,
"BAD","Barksdale AFB","Shreveport","LA",,,
"BAE","Barcelonnette Airport","Barcelonnette","France",,,
"BAF","Westfield Barnes Regional","Westfield","MA",,,
"BAG","Baguio Airport","Baguio","Philippines",,,
"BAH","Bahrain International","Manama","Bahrain",,,
"BAI","Buenos Aires Airport","Buenos Aires","Costa Rica",,,
"BAK","Baku Metropolitan Area","Baku","Azerbaijan",,,
"BAL","Batman Airport","Batman","Turkey",,,
"BAM","Battle Mountain Airport","Battle Mountain","NV",,,
"BAO","Udorn AB","Ban Mak Khaeng","Thailand",,,
"BAQ","Ernesto Cortissoz","Barranquilla","Colombia",,,
"BAR","Baker AAF","Baker Island","AK",,,
"BAT","Chafei Amsei","Barretos","Brazil",,,
"BAU","Bauru-Arealva","Bauru","Brazil",,,
"BAV","Baotou Airport","Baotou","China",,,
"BAX","Mikhaylovka","Barnaul","Russia",,,
"BAY","Maramures","Baia Mare","Romania",,,
"BAZ","Barcelos Airport","Barcelos","Brazil",,,
"BBA","Balmaceda Airport","Balmaceda","Chile",,,
"BBC","Bay City Regional","Bay City","TX",,,
"BBD","Curtis Field","Brady","TX",,,
"BBF","N Eng Heliport","Burlington","MA",,,
"BBH","Al-Baha Airport","Al-Baha","Saudi Arabia",,,
"BBI","Bhubaneswar Airport","Bhubaneswar","India",,,
"BBK","Kasane","Kasane North West","Botswana",,,
"BBO","Berbera International","Berbera","Somalia",,,
"BBQ","Cocoa Point","Barbuda","Antigua and Barbuda",,,
"BBR","Baillif","Basse Terre","Guadeloupe",,,
"BBS","Blackbushe Airport","Blackbushe","United Kingdom",,,
"BBT","Berberati Airport","Berberati","Central African Republic",,,
"BBU","Baneasa Aurel Vlaicu","Bucharest","Romania",,,
"BBW","Broken Bow Municipal Keith Glaze Field","Broken Bow","NE",,,
"BBX","Wings Field","Blue Bell","PA",,,
"BBY","Bambari Airport","Bambari","Central African Republic",,,
"BBZ","Zambezi Airport","Zambezi","Zambia",,,
"BC1","Port Harvey Water Aerodrome","Port Harvey","Canada",,,
"BC2","Farewell Harbour","Berry Island","Canada",,,
"BC3","Bliss Landing Water Aerodrome","Bliss Landing","Canada",,,
"BC4","Cordero Lodge Airport","Cordero Lodge","Canada",,,
"BC5","Dent Island Lodge","Dent Island","Canada",,,
"BC6","Egmont Water Aerodrome","Egmont","Canada",,,
"BC7","Sonora Resort","Sonora Island","Canada",,,
"BC8","Pacific Outback Resort","Hanson Island","Canada",,,
"BC9","Mink Island Water Aerodrome","Mink Island","Canada",,,
"BCA","Gustavo Rizo","Baracoa","Cuba",,,
"BCB","Virginia Tech/Montgomery Executive","Blacksburg","VA",,,
"BCC","Bear Creek Airport","Bear Creek","AK",,,
"BCD","Bacolod Airport","Bacolod","Philippines",,,
"BCE","Bryce Canyon Airport","Bryce Canyon","UT",,,
"BCH","Cakung","Baucau","Timor-Leste",,,
"BCI","Barcaldine Airport","Barcaldine","Australia",,,
"BCJ","Baca Grande","Crestone","CO",,,
"BCL","Barra del Colorado Airport","Barra del Colorado","Costa Rica",,,
"BCM","George Enescu Bacau International","Bacau","Romania",,,
"BCN","Barcelona Airport","Barcelona","Spain",,,
"BCS","Southern Seaplane","Belle Chasse","LA",,,
"BCT","Boca Raton Public","Boca Raton","FL",,,
"BCY","Bulchi Airport","Bulchi","Ethiopia",,,
"BDA","L. F. Wade International","Hamilton","Bermuda",,,
"BDB","Bundaberg Airport","Bundaberg","Australia",,,
"BDE","Baudette International","Baudette","MN",,,
"BDG","Blanding Municipal","Blanding","UT",,,
"BDH","Bandar Lengeh Airport","Bandar Lengeh","Iran",,,
"BDI","Bird Island Airport","Bird Island","Seychelles",,,
"BDJ","Syamsudin Noor","Bandjarmasin","Indonesia",,,
"BDK","Bondoukou/Soko","Bondoukou","Cote",,,
"BDL","Bradley International","Hartford","CT",,,
"BDM","Bandirma Airport","Bandirma","Turkey",,,
"BDN","Talhar","Badin","Pakistan",,,
"BDO","Husein Sastranegara","Bandung","Indonesia",,,
"BDP","Chandragadhi","Bhadrapur/Chandragadhi","Nepal",,,
"BDQ","Vadodara Airport","Vadodara","India",,,
"BDR","Igor I Sikorsky Memorial","Bridgeport","CT",,,
"BDS","Brindisi Airport","Brindisi","Italy",,,
"BDT","Gbadolite","Bgadolite","Congo (Kinshasa)",,,
"BDU","Bardufoss Airport","Bardufoss","Norway",,,
"BDY","Bandon State","Bandon","OR",,,
"BE1","Steenokkerzeel Airport","Steenokkerzeel","Belgium",,,
"BEB","Benbecula Airport","Benbecula","United Kingdom",,,
"BEC","Beech Factory","Wichita","KS",,,
"BED","Laurence G Hanscom Field","Bedford","MA",,,
"BEF","Bluefields Airport","Bluefields","Nicaragua",,,
"BEG","Beograd","Belgrade","Serbia",,,
"BEH","Southwest Michigan Regional","Benton Harbor/St. Joseph","MI",,,
"BEI","Beica Airport","Beica","Ethiopia",,,
"BEL","Val de Cans International","Belem","Brazil",,,
"BEN","Benina International","Benghazi","Libya",,,
"BEO","Lake Macquarie","Newcastle","Australia",,,
"BER","Berlin Metropolitan Area","Berlin","Germany",,,
"BES","Brest Bretagne","Brest","France",,,
"BET","Bethel Airport","Bethel","AK",,,
"BEU","Bedourie North","Bedourie","Australia",,,
"BEV","Teyman","Beersheba","Israel",,,
"BEW","Beira Airport","Beira","Mozambique",,,
"BEY","Rafic Hariri International","Beirut","Lebanon",,,
"BFB","Blue Fox Bay Airport","Blue Fox Bay","AK",,,
"BFD","Bradford Regional","Bradford","PA",,,
"BFF","Western Neb. Regional/William B. Heilig Field","Scottsbluff","NE",,,
"BFG","Bullfrog Basin","Glen Canyon","UT",,,
"BFI","Boeing Field/King County International","Seattle","WA",,,
"BFK","Buckley AFB","Aurora","CO",,,
"BFL","Meadows Field","Bakersfield","CA",,,
"BFM","Mobile Downtown","Mobile","AL",,,
"BFN","Bram Fischer International","Bloemfontein","South Africa",,,
"BFO","Buffalo Range Airport","Buffalo Range","Zimbabwe",,,
"BFP","Beaver County","Beaver Falls","PA",,,
"BFQ","Bahia de Pinas Airport","Bahia de Pinas","Panama",,,
"BFR","Virgil I Grissom Municipal","Bedford","IN",,,
"BFS","Belfast Aldergrove","Belfast","United Kingdom",,,
"BFT","Beaufort County","Beaufort","SC",,,
"BG1","Graf Ingratievo Airport","Graf Ingratievo","Bulgaria",,,
"BGA","Palonegro","Bucaramanga","Colombia",,,
"BGB","Booue Airport","Booue","Gabon",,,
"BGD","Hutchinson County","Borger","TX",,,
"BGE","Decatur County Industrial Air Park","Bainbridge","GA",,,
"BGF","","Bangui","Central African Republic",,,
"BGH","Abbaye","Bogue","Mauritania",,,
"BGI","Grantley Adams International","Barbados/Bridgetown","Barbados",,,
"BGL","Baglung Airport","Baglung","Nepal",,,
"BGM","Greater Binghamton/Edwin A. Link Field","Binghamton","NY",,,
"BGN","Bruggen Airport","Bruggen","Germany",,,
"BGO","Flesland","Bergen","Norway",,,
"BGQ","Big Lake Airport","Big Lake","AK",,,
"BGR","Bangor International","Bangor","ME",,,
"BGS","Big Spring McMahon-Wrinkle","Big Spring","TX",,,
"BGT","Bagdad Airport","Bagdad","AZ",,,
"BGU","Bangassou Airport","Bangassou","Central African Republic",,,
"BGW","Al Muthana","Baghdad","Iraq",,,
"BGX","Comandante Gustavo Kraemer","Bage","Brazil",,,
"BGY","Bergamo Orio Al Serio","Bergamo","Italy",,,
"BH1","Isa AB","Shaikh Isa","Bahrain",,,
"BHB","Hancock County-Bar Harbor","Bar Harbor","ME",,,
"BHC","Laughlin Bullhead International","Bullhead City","AZ",,,
"BHD","Belfast City","Belfast","United Kingdom",,,
"BHE","Woodbourne","Blenheim","New Zealand",,,
"BHG","Araslaya","Brus Laguna","Honduras",,,
"BHH","Bisha Airport","Bisha","Saudi Arabia",,,
"BHI","Comandante Espora","Bahia Blanca","Argentina",,,
"BHJ","Bhuj Airport","Bhuj","India",,,
"BHK","Bukhara Airport","Bukhara","Uzbekistan",,,
"BHL","Bahia de Los Angeles North","Bahia de Los Angeles","Mexico",,,
"BHM","Birmingham-Shuttlesworth International","Birmingham","AL",,,
"BHN","Beihan Airport","Beihan","Yemen",,,
"BHO","Raja Bhoj","Bhopal","India",,,
"BHQ","Broken Hill Airport","Broken Hill","Australia",,,
"BHR","Bharatpur Airport","Bharatpur","Nepal",,,
"BHS","Bathurst Airport","Bathurst","Australia",,,
"BHT","Brighton Downs Airport","Brighton Downs","Australia",,,
"BHU","Bhavnagar Airport","Bhavnagar","India",,,
"BHV","Bahawalpur International","Bahawalpur","Pakistan",,,
"BHX","Birmingham Airport","Birmingham","United Kingdom",,,
"BHY","Beihai Airport","Beihai","China",,,
"BHZ","Belo Horizonte Metropolitan Area","Belo Horizonte","Brazil",,,
"BIA","Bastia Poretta","Bastia","France",,,
"BIC","Big Creek Airport","Big Creek","AK",,,
"BID","Block Island State","Block Island","RI",,,
"BIE","Beatrice Municipal","Beatrice","NE",,,
"BIF","Biggs AAF","El Paso","TX",,,
"BIG","Allen AAF","Big Delta","AK",,,
"BIH","Bishop Airport","Bishop","CA",,,
"BII","Bikini Atoll Airport","Bikini Atoll","Marshall Islands",,,
"BIK","Manuhua","Biak","Indonesia",,,
"BIL","Billings Logan International","Billings","MT",,,
"BIM","Bimini International","Bimini","The Bahamas",,,
"BIN","Bamyan Airport","Bamyan","Afghanistan",,,
"BIO","Bilbao Airport","Bilbao","Spain",,,
"BIP","Bulimba Airport","Bulimba","Australia",,,
"BIQ","Biarritz Pays Basque","Biarritz","France",,,
"BIR","Biratnagar Airport","Biratnagar","Nepal",,,
"BIS","Bismarck Municipal","Bismarck/Mandan","ND",,,
"BIV","Bria Airport","Bria","Central African Republic",,,
"BIX","Keesler AFB","Biloxi","MS",,,
"BJC","Rocky Mountain Metro","Broomfield","CO",,,
"BJI","Bemidji Regional","Bemidji","MN",,,
"BJJ","Wayne County","Wooster","OH",,,
"BJL","Banjul International","Banjul","The Gambia",,,
"BJM","Bujumbura International","Bujumbura","Burundi",,,
"BJR","Bahir Dar Ginbot Haya International","Bahir Dar","Ethiopia",,,
"BJU","Bajura Airport","Bajura","Nepal",,,
"BJV","Imsik","Bodrum","Turkey",,,
"BJX","Guanajuato International","Leon/Guanajuato","Mexico",,,
"BJZ","Badajoz Airport","Badajoz","Spain",,,
"BKC","Buckland Airport","Buckland","AK",,,
"BKE","Baker City Municipal","Baker","OR",,,
"BKF","Brooks Lake Airport","Brooks Lake","AK",,,
"BKG","Branson Airport","Branson","MO",,,
"BKH","Barking Sands PMRF","Kekaha, Kauai","HI",,,
"BKI","Kota Kinabalu International","Kota Kinabalu","Malaysia",,,
"BKK","Suvarnabhumi International","Bangkok","Thailand",,,
"BKL","Burke Lakefront","Cleveland","OH",,,
"BKM","Bakelalan Airport","Bakelalan","Malaysia",,,
"BKO","Modibo Keita","Bamako","Mali",,,
"BKQ","Blackall Airport","Blackall","Australia",,,
"BKS","Fatmawati Soekarno","Bengkulu","Indonesia",,,
"BKU","Betioky Airport","Betioky","Madagascar",,,
"BKW","Raleigh County Memorial","Beckley","WV",,,
"BKX","Brookings Regional","Brookings","SD",,,
"BKY","Bukavu Kavumu","Bukavu","Congo (Kinshasa)",,,
"BKZ","Bukoba Airport","Bukoba","Tanzania",,,
"BLA","General Jose Antonio Anzoategui International","Barcelona","Venezuela",,,
"BLB","Albrook AFB","Balboa","Panama",,,
"BLC","Bali Airport","Bali","Cameroon",,,
"BLD","Boulder City Municipal","Boulder City","NV",,,
"BLE","Borlange Airport","Borlange","Sweden",,,
"BLF","Mercer County","Princeton/Bluefield","WV",,,
"BLG","Belaga Airport","Belaga","Malaysia",,,
"BLH","Blythe Airport","Blythe","CA",,,
"BLI","Bellingham International","Bellingham","WA",,,
"BLJ","Mostepha Ben Boulaid","Batna","Algeria",,,
"BLK","Blackpool Airport","Blackpool","United Kingdom",,,
"BLL","Billund Airport","Billund","Denmark",,,
"BLM","Monmouth Executive","Belmar/Farmingdale","NJ",,,
"BLO","Blonduos Airport","Blonduos","Iceland",,,
"BLP","Bellavista 1","Bellavista","Peru",,,
"BLQ","Bologna Airport","Bologna","Italy",,,
"BLR","Kempegowda International","Bangalore","India",,,
"BLT","Blackwater Airport","Blackwater","Australia",,,
"BLV","Scott AFB/MidAmerica","Belleville","IL",,,
"BLZ","Chileka International","Blantyre","Malawi",,,
"BMA","Bromma","Stockholm","Sweden",,,
"BMB","Bumba Airport","Bumba","Congo (Kinshasa)",,,
"BMC","Brigham City Regional","Brigham City","UT",,,
"BMD","Belo Sur Tsiribihina","Belo","Madagascar",,,
"BME","Broome International","Broome","Australia",,,
"BMG","Monroe County","Bloomington","IN",,,
"BMH","Bomai Airport","Bomai","Papua New Guinea",,,
"BMI","Central Illinois Regional","Bloomington/Normal","IL",,,
"BMJ","Baramita Airport","Baramita","Guyana",,,
"BML","Berlin Regional","Berlin","NH",,,
"BMM","Bitam Airport","Bitam","Gabon",,,
"BMO","Banmaw","Bhamo","Burma",,,
"BMP","Brampton Island Airport","Brampton Island","Australia",,,
"BMV","Buon Ma Thuot","Ban Me Thout","Vietnam",,,
"BMW","Bordj Mokhtar","Bordj Badji Mokhtar","Algeria",,,
"BMX","Big Mountain AFS","Big Mountain","AK",,,
"BNA","Nashville International","Nashville","TN",,,
"BNB","Boende Airport","Boende","Congo (Kinshasa)",,,
"BND","Bandar Abbas International","Bandar Abbas","Iran",,,
"BNE","Brisbane International","Brisbane","Australia",,,
"BNF","Warm Spring Bay Seaplane Base","Baranof","AK",,,
"BNG","Banning Municipal","Banning","CA",,,
"BNI","Benin City Airport","Benin City","Nigeria",,,
"BNK","Ballina Byron Gateway","Ballina","Australia",,,
"BNL","Barnwell Regional","Barnwell","SC",,,
"BNN","Bronnoy","Bronnoysund","Norway",,,
"BNO","Burns Municipal","Burns","OR",,,
"BNS","Barinas Airport","Barinas","Venezuela",,,
"BNX","Banja Luka Airport","Banja Luka","Bosnia and Herzegovina",,,
"BNZ","Banz Airport","Banz","Papua New Guinea",,,
"BOA","Boma Airport","Boma","Congo (Kinshasa)",,,
"BOB","Bora Bora Motu Mute","Bora Bora","French Polynesia",,,
"BOC","Jose Ezequiel Hall","Bocas del Toro","Panama",,,
"BOD","Bordeaux Merignac","Bordeaux","France",,,
"BOG","El Dorado International","Bogota","Colombia",,,
"BOH","Bournemouth Airport","Bournemouth","United Kingdom",,,
"BOI","Boise Air Terminal","Boise","ID",,,
"BOJ","Burgas Airport","Burgas","Bulgaria",,,
"BOK","Brookings Airport","Brookings","OR",,,
"BOM","Chhatrapati Shivaji International","Mumbai","India",,,
"BON","Flamingo International","Bonaire, Bonaire, Sint Eustatius, and Saba","",,,
"BOO","Bodo Airport","Bodo","Norway",,,
"BOQ","Boku Airport","Boku","Papua New Guinea",,,
"BOR","Fontaine","Belfort","France",,,
"BOS","Logan International","Boston","MA",,,
"BOW","Bartow Municipal","Bartow","FL",,,
"BOX","Borroloola Airport","Borroloola","Australia",,,
"BOY","Bobo Dioulasso Airport","Bobo Dioulasso","Burkina Faso",,,
"BPH","Bislig Airport","Bislig","Philippines",,,
"BPI","Miley Memorial Field","Big Piney","WY",,,
"BPN","Sultan Aji Muhammad Sulaiman Sepinggan","Balikpapan","Indonesia",,,
"BPS","Porto Seguro Airport","Porto Seguro","Brazil",,,
"BPT","Jack Brooks Regional","Beaumont/Port Arthur","TX",,,
"BQA","Baler Airport","Baler","Philippines",,,
"BQH","Biggin Hill","London","United Kingdom",,,
"BQK","Brunswick Golden Isles","Brunswick","GA",,,
"BQN","Rafael Hernandez","Aguadilla","PR",,,
"BQS","Ignatyevo","Blagoveschensk","Russia",,,
"BQU","J. F. Mitchell","Bequia","Saint Vincent and the Grenadines",,,
"BQV","Bartlett Cove Seaplane Base","Bartlett Cove","AK",,,
"BR1","Pato Branco","Parana","Brazil",,,
"BR2","Costa Esmeralda","Porto Belo","Brazil",,,
"BRA","Barreiras Airport","Barreiras","Brazil",,,
"BRC","San Carlos de Bariloche Airport","San Carlos de Bariloche","Argentina",,,
"BRD","Brainerd Lakes Regional","Brainerd","MN",,,
"BRE","Bremen Airport","Bremen","Germany",,,
"BRG","Whitesburg Municipal","Whitesburg","KY",,,
"BRI","Bari Airport","Bari","Italy",,,
"BRK","Bourke Airport","Bourke","Australia",,,
"BRL","Southeast Iowa Regional","Burlington","IA",,,
"BRM","Barquisimeto International","Barquisimeto","Venezuela",,,
"BRN","Bern/Belp","Berne","Switzerland",,,
"BRO","Brownsville South Padre Island International","Brownsville","TX",,,
"BRQ","Turany","Brno","Czech Republic",,,
"BRR","Barra Airport","Barra","United Kingdom",,,
"BRS","Bristol Airport","Bristol","United Kingdom",,,
"BRT","Bathurst Island Airport","Bathurst Island","Australia",,,
"BRU","Brussels National","Brussels","Belgium",,,
"BRV","Bremerhaven Airport","Bremerhaven","Germany",,,
"BRW","Wiley Post/Will Rogers Memorial","Barrow","AK",,,
"BRX","Barahona Habanero","Barahona","Dominican Republic",,,
"BRY","Samuels Field","Bardstown","KY",,,
"BS1","Goat Cay Airport","Goat Cay","The Bahamas",,,
"BS2","Pig Beach Airport","Pig Beach","The Bahamas",,,
"BS3","Baker Bay Airport","Baker Bay","The Bahamas",,,
"BSA","Bosaso Airport","Bosaso","Somalia",,,
"BSB","Presidente Juscelino Kubitschek International","Brasilia","Brazil",,,
"BSD","Baoshan Airport","Baoshan","China",,,
"BSG","Bata Airport","Bata","Equatorial Guinea",,,
"BSK","Mohamed Khider","Biskra","Algeria",,,
"BSL","EuroAirport","Mulhouse","France",,,
"BSM","Austin - Bergstrom International","Austin","TX",,,
"BSO","Basco Airport","Basco","Philippines",,,
"BSQ","Bisbee Municipal","Bisbee","AZ",,,
"BSR","Basrah International","Basra","Iraq",,,
"BSS","Balsas Airport","Balsas","Brazil",,,
"BSU","Basankusu Airport","Basankusu","Congo (Kinshasa)",,,
"BSW","Boswell Bay Airport","Boswell Bay","AK",,,
"BSZ","Bartletts Airport","Bartletts","AK",,,
"BTA","Bertoua Airport","Bertoua","Cameroon",,,
"BTC","Batticaloa Airport","Batticaloa","Sri Lanka",,,
"BTE","Bonthe Airport","Bonthe","Sierra Leone",,,
"BTH","Batu Besar Airport","Batu Besar","Indonesia",,,
"BTI","Barter Island Airport","Barter Island","AK",,,
"BTJ","Sultan Iskandar Muda","Banda Aceh","Indonesia",,,
"BTK","Bratsk Airport","Bratsk","Russia",,,
"BTL","W K Kellogg","Battle Creek","MI",,,
"BTM","Bert Mooney","Butte","MT",,,
"BTP","Pittsburgh Butler Regional","Butler","PA",,,
"BTR","Baton Rouge Metropolitan/Ryan Field","Baton Rouge","LA",,,
"BTS","M R Stefanik","Bratislava","Slovakia",,,
"BTT","Bettles Airport","Bettles","AK",,,
"BTU","Bintulu Airport","Bintulu","Malaysia",,,
"BTV","Burlington International","Burlington","VT",,,
"BTY","Beatty Airport","Beatty","NV",,,
"BTZ","Bursa Airport","Bursa","Turkey",,,
"BUA","Buka","Buka Islands","Papua New Guinea",,,
"BUC","Burketown Airport","Burketown","Australia",,,
"BUD","Budapest Liszt Ferenc International","Budapest","Hungary",,,
"BUE","Buenos Aires Metropolitan Area","Buenos Aires","Argentina",,,
"BUF","Buffalo Niagara International","Buffalo","NY",,,
"BUG","17 de Setembro","Benguela","Angola",,,
"BUH","Bucharest Metropolitan Area","Bucharest","Romania",,,
"BUL","Bulolo Airport","Bulolo","Papua New Guinea",,,
"BUM","Butler Memorial","Butler","MO",,,
"BUN","Gerardo Tobar Lopez","Buenaventura","Colombia",,,
"BUO","Burao Airport","Burao","Somalia",,,
"BUQ","J. M. Nkomo International","Bulawayo","Zimbabwe",,,
"BUR","Bob Hope","Burbank","CA",,,
"BUS","Batumi Airport","Batumi","Georgia",,,
"BUU","Buyo Airport","Buyo","Cote",,,
"BUV","Bella Union Airport","Bella Union","Uruguay",,,
"BUX","Bunia Airport","Bunia","Congo (Kinshasa)",,,
"BUY","Bunbury Airport","Bunbury","Australia",,,
"BUZ","Bushehr Airport","Bushehr","Iran",,,
"BVA","Beauvais Tille","Beauvais","France",,,
"BVB","Atlas Brasil Cantanhede","Boa Vista","Brazil",,,
"BVD","Beaver Inlet Seaport","Beaver Inlet","AK",,,
"BVI","Birdsville Airport","Birdsville","Australia",,,
"BVO","Bartlesville Municipal","Bartlesville","OK",,,
"BVR","Beaver Island","St. James","MI",,,
"BVU","Beluga Airport","Beluga","AK",,,
"BVX","Batesville Regional","Batesville","AR",,,
"BVY","Beverly Regional","Beverly","MA",,,
"BW1","Thebephatshwa","Tebepahwa","Botswana",,,
"BWA","Gautam Buddha","Bhairawa","Nepal",,,
"BWC","Brawley Municipal","Brawley","CA",,,
"BWD","Brownwood Regional","Brownwood","TX",,,
"BWE","Braunschweig/Wolfsburg","Braunschweig","Germany",,,
"BWG","Bowling Green-Warren County Regional","Bowling Green","KY",,,
"BWH","Butterworth Airport","Butterworth","Malaysia",,,
"BWI","Baltimore/Washington International Thurgood Marshall","Baltimore","MD",,,
"BWJ","Bawan Airport","Bawan","Papua New Guinea",,,
"BWM","Bowman Municipal","Bowman","ND",,,
"BWN","Brunei International","Bandar Seri Begawan","Brunei",,,
"BWS","Blaine Municipal","Blaine","WA",,,
"BWT","Wynyard","Burnie","Australia",,,
"BWY","RAF Bentwaters","Woodbridge","United Kingdom",,,
"BXC","Sheraton Inn Heliport","Boxborough","MA",,,
"BXD","Bade Airport","Bade","Indonesia",,,
"BXE","Bakel Airport","Bakel","Senegal",,,
"BXO","Buochs","Nidwalder","Switzerland",,,
"BXS","Borrego Valley","Borrego Springs","CA",,,
"BXU","Bancasi","Butuan","Philippines",,,
"BYA","Boundary Airport","Boundary","AK",,,
"BYC","Yacuiba Airport","Yacuiba","Bolivia",,,
"BYF","Albert Bray","Albert","France",,,
"BYG","Johnson County","Buffalo","WY",,,
"BYH","Arkansas International","Blytheville","AR",,,
"BYI","Burley Municipal","Burley/Rupert","ID",,,
"BYJ","Beja Airport","Beja","Portugal",,,
"BYK","Bouake Airport","Bouake","Cote",,,
"BYN","Bayankhongor Airport","Bayankhongor","Mongolia",,,
"BYT","Bantry Airport","Bantry","Ireland",,,
"BYU","Bayreuth Airport","Bayreuth","Germany",,,
"BYW","Blakely Island Airport","Blakely Island","WA",,,
"BZA","Bonanza Airport","Bonanza","Nicaragua",,,
"BZE","Philip S. W. Goldson International","Belize City","Belize",,,
"BZG","Bydgoszcz Airport","Bydgoszcz","Poland",,,
"BZI","Balikesir Airport","Balikesir","Turkey",,,
"BZN","Bozeman Yellowstone International","Bozeman","MT",,,
"BZO","Bolzano Airport","Bolzano","Italy",,,
"BZR","Beziers Vias","Beziers","France",,,
"BZS","Buzzards Point Seaplane Base","Washington","DC",,,
"BZT","Eagle Air Park","Brazoria","TX",,,
"BZV","Maya Maya","Brazzaville","Congo (Brazaville)",,,
"BZZ","Brize Norton Airport","Brize Norton","United Kingdom",,,
"C01","Camarillo Airport","Camarillo","CA",,,
"C02","Bakersfield Municipal","Bakersfield","CA",,,
"C1A","Del Mar Farms","Patterson","CA",,,
"CA1","Koala Mine Airport","Koala Mine","Canada",,,
"CA2","Lake Simcoe Airport","Lake Simcoe","Canada",,,
"CA3","Thetford Mines Airport","Thetford Mines","Canada",,,
"CA4","Pelee Island Airport","Pelee Island","Canada",,,
"CA5","Calgary Springbank","Calgary","Canada",,,
"CA6","Chemehuevi Valley Airport","Chemehuevi Valley","CA",,,
"CA7","Tracy Municipal","Tracy","CA",,,
"CA9","Steep Island Lodge","Steep Island","Canada",,,
"CAB","Cabinda Airport","Cabinda","Angola",,,
"CAC","Coronel Adalberto Mendes Da Silva","Cascavel","Brazil",,,
"CAD","Wexford County","Cadillac","MI",,,
"CAE","Columbia Metropolitan","Columbia","SC",,,
"CAF","Carauari Airport","Carauari","Brazil",,,
"CAG","Elmas","Cagliari","Italy",,,
"CAH","Ca Mau Airport","Ca Mau","Vietnam",,,
"CAI","Cairo International","Cairo","Egypt",,,
"CAJ","Canaima Airport","Canaima","Venezuela",,,
"CAK","Akron-Canton Regional","Akron","OH",,,
"CAL","Campbeltown Airport","Campbeltown","United Kingdom",,,
"CAM","Choreti","Camiri","Bolivia",,,
"CAN","Baiyun International","Guangzhou","China",,,
"CAP","Cap-Haitien International","Cap-Haitien","Haiti",,,
"CAR","Caribou Municipal","Caribou","ME",,,
"CAS","Anfa","Casablanca","Morocco",,,
"CAT","New Bight Airport","New Bight","The Bahamas",,,
"CAW","Bartolomeu Lisandro","Campos","Brazil",,,
"CAX","Carlisle Airport","Carlisle","United Kingdom",,,
"CAY","Cayenne Felix Eboue","Cayenne","French Guiana",,,
"CAZ","Cobar Airport","Cobar","Australia",,,
"CBA","Corner Bay Airport","Corner Bay","AK",,,
"CBB","Jorge Wilstermann International","Cochabamba","Bolivia",,,
"CBE","Greater Cumberland Regional","Cumberland","MD",,,
"CBF","Council Bluffs Municipal","Council Bluffs","IA",,,
"CBG","Cambridge Airport","Cambridge","United Kingdom",,,
"CBH","Bechar/Leger","Colomb-Bechar","Algeria",,,
"CBK","Murray","Colby","KS",,,
"CBL","Ciudad Bolivar Airport","Ciudad Bolivar","Venezuela",,,
"CBM","Columbus AFB","Columbus","MS",,,
"CBO","Cotabato Airport","Cotabato","Philippines",,,
"CBQ","Margaret Ekpo International","Calabar","Nigeria",,,
"CBR","Canberra Airport","Canberra","Australia",,,
"CBV","Coban Airport","Coban","Guatemala",,,
"CBY","Canobie Airport","Canobie","Australia",,,
"CCC","Jardines del Rey International","Cayo Coco","Cuba",,,
"CCE","Grand Case Airport","Grand Case","Saint Martin",,,
"CCF","Carcassonne Salvaza","Carcassonne","France",,,
"CCH","Chile Chico Airport","Chile Chico","Chile",,,
"CCI","Olavo Cecco Rigon","Concordia","Brazil",,,
"CCJ","Calicut International","Calicut","India",,,
"CCK","Cocos Keeling Island","West Island","Cocos (Keeling) Islands",,,
"CCM","Criciuma","Crisciuma","Brazil",,,
"CCN","Chakhcharan Airport","Chakhcharan","Afghanistan",,,
"CCP","Carriel Sur International","Concepcion","Chile",,,
"CCR","Buchanan Field","Concord","CA",,,
"CCS","Simon Bolivar International","Caracas","Venezuela",,,
"CCU","Netaji Subhash Chandra Bose International","Kolkata","India",,,
"CCX","Caceres Airport","Caceres","Brazil",,,
"CCY","Northeast Iowa Regional","Charles City","IA",,,
"CCZ","Chub Cay Airport","Chub Cay","The Bahamas",,,
"CD1","Kamina","Katanga","Congo (Kinshasa)",,,
"CD2","Dungu","Orientale","Congo (Kinshasa)",,,
"CDB","Cold Bay Airport","Cold Bay","AK",,,
"CDC","Cedar City Regional","Cedar City","UT",,,
"CDF","Cortina","Cortina","Italy",,,
"CDG","Paris Charles de Gaulle","Paris","France",,,
"CDH","Harrell Field","Camden","AR",,,
"CDJ","Conceicao Do Araguaia Airport","Conceicao Do Araguaia","Brazil",,,
"CDL","Candle 2","Candle","AK",,,
"CDN","Woodward Field","Camden","SC",,,
"CDR","Chadron Municipal","Chadron","NE",,,
"CDV","Merle K Mudhole Smith","Cordova","AK",,,
